cercle_id,title,old_img_addr,new_img_addr
C19,好きってどんな気持ち？,../image/babykasutera/63224.jpg,./imgs/IMG_1901.jpg
C05,ともだちのつくりかた,../image/img (25).jpg,./imgs/IMG_0501.jpg
C05,日なたの窓に憧れて,../image/img (26).jpg,./imgs/IMG_0502.jpg
C05,波間にゆれる,../image/donsimon/IMG (2).jpg,./imgs/IMG_0503.jpg
C05,明日海を見に行こう,../image/donsimon/IMG (1).jpg,./imgs/IMG_0504.jpg
C22,秋霜テネレッツァ,../image/dowell/63227.jpg,./imgs/IMG_2201.jpg
C17,ヨハリリカフェへようこそ!,../image/float/img (1).jpg,./imgs/IMG_1701.jpg
C17,だって、よしりこ推しだから!!,../image/float/img (2).jpg,./imgs/IMG_1702.jpg
C23,幸せの音色が鳴り響く,../image/furrykitty/img001.jpg,./imgs/IMG_2301.jpg
C08,Moment - goton.総集編 渡辺曜×津島善子,../image/gaton/img (1).jpg,./imgs/IMG_0801.jpg
C08,巡りめぐった僕たちは,../image/gaton/63229.jpg,./imgs/IMG_0802.jpg
C08,おわりよければ、なんとやら。,../image/gaton/img (2).jpg,./imgs/IMG_0803.jpg
C13,青と白のアネモネ,../image/img (29).jpg,./imgs/IMG_1301.jpg
C12,穂乃果の家のお饅頭は最高です,../image/HakattanaKowappaazu/img (2).jpg,./imgs/IMG_1201.jpg
C12,ふたりきりの誕生日,../image/HakattanaKowappaazu/img (1).jpg,./imgs/IMG_1202.jpg
C25,ことりとことりのみゅーずたち,../image/kaitenkikan/img001.jpg,./imgs/IMG_2501.jpg
C02,ココです。コレクション #1 / 首輪と枕と今夜のおかず,../image/img (16).jpg,./imgs/IMG_0201.jpg
C02,ココです。コレクション #4 / だいたいそれはあの娘のせいよ,../image/img (17).jpg,./imgs/IMG_0202.jpg
C02,ココです。コレクション #5 / 天使はおしるこの夢を見るか,../image/img (10).jpg,./imgs/IMG_0203.jpg
C02,ココです。コレクション #6 / 緊縛・クッキーアンドマカロン,../image/img (9).jpg,./imgs/IMG_0204.jpg
C02,ココです。コレクション #7 / 浦の星☆狂想曲,../image/img (18).jpg,./imgs/IMG_0205.jpg
C02,ココです。コレクション #9 / 倒錯ア・ラ・モード,../image/img (8).jpg,./imgs/IMG_0206.jpg
C02,ココです。コレクション #10 / 倒錯メランコリックオレンジ,../image/kokodesu/IMG (1).jpg,./imgs/IMG_0207.jpg
C02,ココです。コレクション #11 / 秘密SELECT,../image/img (7).jpg,./imgs/IMG_0208.jpg
C02,ココです。コレクション #12 / 倒錯パンデミミックラヴァース,../image/kokodesu/IMG (2).jpg,./imgs/IMG_0209.jpg
C02,ココです。コレクション #13 / 倒錯ダイヤモンドプリンセスシンドローム,../image/kokodesu/IMG (3).jpg,./imgs/IMG_0210.jpg
C31,癒してことりちゃん[webview],http://drive.google.com/uc?export=view&id=1yck_p8dab_qDhVJApKvwl4hqXM8RnXbz,http://drive.google.com/uc?export=view&id=1yck_p8dab_qDhVJApKvwl4hqXM8RnXbz
C18,僕のママは元スクールアイドル!?,../image/kutibiruteriburu/63223.jpg,./imgs/IMG_1801.jpg
C14,THE DAY IN QUESTION,../image/miayad/img (2).jpg,./imgs/IMG_1401.jpg
C14,SONOTIC FEST.,../image/miayad/img (1).jpg,./imgs/IMG_1402.jpg
C14,世界は園田で満ちている,../image/miayad/img (3).jpg,./imgs/IMG_1403.jpg
C10,さんしゃらいぶ!,../image/miyakodokei/img (1).jpg,./imgs/IMG_1001.jpg
C10,さんしゃらいぶ! いんらぶ!!,../image/miyakodokei/img (2).jpg,./imgs/IMG_1002.jpg
C01,おこたみかん２,../image/img (1).jpg,./imgs/IMG_0101.jpg
C01,トライアングル!!,../image/img (2).jpg,./imgs/IMG_0102.jpg
C01,おこたみかん(1),../image/img (3).jpg,./imgs/IMG_0103.jpg
C01,ようソロ。,../image/img (4).jpg,./imgs/IMG_0104.jpg
C01,ねえさま？,../image/img (5).jpg,./imgs/IMG_0105.jpg
C01,ようちかが尊い,../image/img (6).jpg,./imgs/IMG_0106.jpg
C01,いいよ？そこまでいうなら,../image/img (15).jpg,./imgs/IMG_0107.jpg
C01,ダメだよ千歌ちゃん,../image/nisangaroku/IMG (1).jpg,./imgs/IMG_0108.jpg
C01,豪雪,../image/nisangaroku/IMG (2).jpg,./imgs/IMG_0109.jpg
C01,ようよしもいいわね,../image/nisangaroku/IMG (3).jpg,./imgs/IMG_0110.jpg
C06,Behind you.,../image/PeroriMeshi/img (2).jpg,./imgs/IMG_0601.jpg
C06,君想クローバー,../image/PeroriMeshi/img (3).jpg,./imgs/IMG_0602.jpg
C06,そして、彼女のためになる,../image/PeroriMeshi/img (1).jpg,./imgs/IMG_0603.jpg
C06,その音の先は,../image/PeroriMeshi/img001.jpg,./imgs/IMG_0604.jpg
C11,可愛いカプには〇〇させよ!,../image/purupurutamagodouhu/img (1).jpg,./imgs/IMG_1101.jpg
C11,恋に堕ちるのは重力のせいじゃない,../image/purupurutamagodouhu/img (2).jpg,./imgs/IMG_1102.jpg
C07,グッバイララバイ,../image/shamrock/img (5).jpg,./imgs/IMG_0701.jpg
C07,名前のない僕たちは,../image/shamrock/img (2).jpg,./imgs/IMG_0702.jpg
C07,ユメミライト,../image/shamrock/img (4).jpg,./imgs/IMG_0703.jpg
C07,堕天使ヨハネ本日家出します。,../image/shamrock/img (3).jpg,./imgs/IMG_0704.jpg
C07,昨日の僕と明日の君,../image/shamrock/img (1).jpg,./imgs/IMG_0705.jpg
C15,いたずらのReason,../image/stratosphere/img (1).jpg,./imgs/IMG_1501.jpg
C15,思い出ごっこ,../image/stratosphere/img (2).jpg,./imgs/IMG_1502.jpg
C20,音乃木坂の中心で愛を叫ぶ,../image/tarots/63225.jpg,./imgs/IMG_2001.jpg
C04,Glissando - てりやき茶房再録集　津島善子×桜内梨子,../image/img (20).jpg,./imgs/IMG_0401.jpg
C04,サクラジゴク,../image/img (28).jpg,./imgs/IMG_0402.jpg
C04,せなかあわせレモネード,../image/img (22).jpg,./imgs/IMG_0403.jpg
C04,くちずけアドレッセンス。,../image/teriyakisabou/IMG (1).jpg,./imgs/IMG_0404.jpg
C04,ヨハリリインディスクローズドワールド。,../image/teriyakisabou/IMG (2).jpg,./imgs/IMG_0405.jpg
C04,晩夏に桜は咲かずとも,../image/teriyakisabou/IMG (3).jpg,./imgs/IMG_0406.jpg
C04,ガラクタトリビュート,../image/teriyakisabou/IMG (4).jpg,./imgs/IMG_0407.jpg
C21,恋弾フォルテシモ,../image/tiguhagumetronome/63226.jpg,./imgs/IMG_2101.jpg
C03,ちかちかようよう,../image/img (11).jpg,./imgs/IMG_0301.jpg
C03,これでいいんだ。,../image/img (12).jpg,./imgs/IMG_0302.jpg
C03,μ's VS A-RISE,../image/img (13).jpg,./imgs/IMG_0303.jpg
C03,浦女のスクールアイドルですっ！,../image/img (14).jpg,./imgs/IMG_0304.jpg
C03,ダイヨハチカ,../image/img (19).jpg,./imgs/IMG_0305.jpg
C03,ラララ！,../image/img (23).jpg,./imgs/IMG_0306.jpg
C03,サララララララララ！,../image/img (24).jpg,./imgs/IMG_0307.jpg
C03,ちかちかようよう,../image/img (11).jpg,./imgs/IMG_0308.jpg
C03,お姉ちゃん選手権！,../image/tohonihun/IMG (1).jpg,./imgs/IMG_0309.jpg
C03,KUYC,../image/tohonihun/IMG (2).jpg,./imgs/IMG_0310.jpg
C03,しみゅれーしょん,../image/tohonihun/IMG (3).jpg,./imgs/IMG_0311.jpg
C03,恋の音なんて聞こえてない,../image/tohonihun/63228.jpg,./imgs/IMG_0312.jpg
C09,曜ちゃん!!パンツにスカートが!!,../image/washokudeniku/img (2).jpg,./imgs/IMG_0901.jpg
C09,理亜ちゃん!!パンツにスカートが!!,../image/washokudeniku/img (3).jpg,./imgs/IMG_0902.jpg
C09,叱られたいっ!!,../image/washokudeniku/img (1).jpg,./imgs/IMG_0903.jpg
C16,甘宿りの時間,../image/yukinohitohira/img (1).jpg,./imgs/IMG_1601.jpg
C16,仕合わせRe"lation,../image/yukinohitohira/img (2).jpg,./imgs/IMG_1602.jpg
C16,その真っ直ぐな瞳で,../image/yukinohitohira/img (3).jpg,./imgs/IMG_1603.jpg
C24,きみはディスティニーズガール,../image/zyuubunnosan/img001.jpg,./imgs/IMG_2401.jpg