<ct=>0;<cerclename=>にさんがろく;<ccf=>nisangaroku;<authname=>みやまき;<detail=><d-tw=>https://twitter.com/_miyamaki_<d><d-ml=>https://www.melonbooks.co.jp/circle/index.php?circle_id=14054<d><d-hp=>http://nisanga</end>
<ct=>0;<cerclename=>ココです。;<ccf=>kokodesu;<authname=>あｓ</end>
<ct=>0;<cerclename=>徒歩二分;<ccf=>tohonihun;<authname=>茶戸</end>
<ct=>0;<cerclename=>てりやき茶房;<ccf=>teriyakisabou;<authname=>伊久間さつき</end>
<ct=>0;<cerclename=>ドンシモン;<ccf=>donsimon;<authname=>まがみん</end>
<ct=>0;<cerclename=>ぺろり飯。;<ccf=>PeroriMeshi;<authname=>にぎりめし</end>
<ct=>0;<cerclename=>SHAMROCK;<ccf=>shamrock;<authname=>おぎ</end>
<ct=>0;<cerclename=>gaton.;<ccf=>gaton;<authname=>もけ</end>
<ct=>0;<cerclename=>和食で肉;<ccf=>washokudeniku;<authname=>黒毛和牛</end>
<ct=>0;<cerclename=>みやこ時計;<ccf=>miyakodokei;<authname=>ミヤコヒト</end>
<ct=>0;<cerclename=>ぷるぷる卵豆腐;<ccf=>purupurutamagodouhu;<authname=>わたげもどき</end>
<ct=>0;<cerclename=>謀ったなコワッパーズ;<ccf=>HakattanaKowappaazu;<authname=>平光浅葱</end>
<ct=>0;<cerclename=>GENOCIDEKISS;<ccf=>genocidekiss;<authname=>上田夢人</end>
<ct=>0;<cerclename=>美彩'd;<ccf=>miayad;<authname=>風華チルヲ</end>
<ct=>0;<cerclename=>ストラトスフィア;<ccf=>stratosphere;<authname=>ウルツ</end>
<ct=>0;<cerclename=>ユキノヒトヒラ;<ccf=>yukinohitohira;<authname=>tMnR</end>
<ct=>0;<cerclename=>float*;<ccf=>float;<authname=>はづき</end>
<ct=>0;<cerclename=>クチビルテリブル;<ccf=>kutibiruteriburu;<authname=>九千ビノレ</end>
<ct=>0;<cerclename=>ベビーカステラ;<ccf=>babykasutera;<authname=>たこちゃん</end>
<ct=>0;<cerclename=>TAROTS;<ccf=>tarots;<authname=>澤野明</end>
<ct=>0;<cerclename=>ちぐはぐメトロノーム;<ccf=>tiguhagumetronome;<authname=>すいと</end>
<ct=>0;<cerclename=>Do well !!!;<ccf=>dowell;<authname=>ながれぼし</end>
<ct=>0;<cerclename=>furry kitty;<ccf=>furrykitty;<authname=>えねこ</end>
<ct=>0;<cerclename=>じゅうぶんのさん。;<ccf=>zyuubunnosan;<authname=>やナい</end>
<ct=>0;<cerclename=>回転キカン;<ccf=>kaitenkikan;<authname=>りた</end>
<ct=>0;<cerclename=>くみちょうBOX;<ccf=>kumichoubox;<authname=>くみちょう;<detail=><d-tw>https://twitter.com/kumichooooo<d><d-ml>https://www.melonbooks.co.jp/circle/index.php?circle_id=11572</end>
<ct=>1;<cerclename=>とばちゃづけ;<ccf=>tobatyaduke;<authname=>みそ茶</end>
<ct=>1;<cerclename=>LETRA;<ccf=>letra;<authname=>滝太郎</end>
<ct=>1;<cerclename=>poisonstew;<ccf=>poisonstew;<authname=>베닌(ベニン);<detail=><d-tw=>https://twitter.com/poisonstew<d><d-hp=>https://poisonstew.postype.com/</end>
<ct=>1;<cerclename=>しょぼコン;<ccf=>syobokon;<authname=>きたむらとおる;<detail=><d-ml=>https://www.melonbooks.co.jp/circle/index.php?circle_id=12533</end>
<ct=>1;<cerclename=>くみちょうBOX;<ccf=>kumichoubox;<authname=>くみちょう;<detail=><d-tw=>https://twitter.com/kumichooooo<d><d-ml=>https://www.melonbooks.co.jp/circle/index.php?circle_id=11572</end>
<ct=>1;<cerclename=>びびっどサンダー;<ccf=>vividthunder;<authname=>ズミクニ;<detail=><d-ml=>https://www.melonbooks.co.jp/circle/index.php?circle_id=24253<d><d-hp=>http://vividthunder.kitunebi.com/index.html</end>
<ct=>1;<cerclename=>カミナリサマ;<ccf=>kaminarisama;<authname=>熊本愛知;<detail=><d-tw=>https://twitter.com/kumamotoaichi<d><d-ml=>https://www.melonbooks.co.jp/circle/index.php?circle_id=28851</end>
<ct=>1;<cerclename=>君の友達。;<ccf=>kiminotomodachi;<authname=>凪空りく;<detail=><d-tw=>https://twitter.com/kimino107<d><d-ml=>https://www.melonbooks.co.jp/circle/index.php?circle_id=6730</end>
<ct=>1;<cerclename=>POCHI;<ccf=>pochi;<authname=>ズミクニ;<detail=><d-tw=>https://twitter.com/rak_gaki_riku<d><d-ml=>https://www.melonbooks.co.jp/circle/index.php?circle_id=6730</end>
<ct=>1;<cerclename=>カゲ路;<ccf=>kagero;<authname=>唯野影吉;<detail=><d-tw=>https://twitter.com/tadanoakuta?lang=ja<d><d-ml=>https://www.melonbooks.co.jp/circle/index.php?circle_id=11086</end>